login,full_name,created_at,stargazers_count,watchers_count,language,has_projects,has_wiki,license_name
Premalatha-success,Premalatha-success/AIPM,2024-10-21T07:26:33Z,0,0,Jupyter Notebook,True,True,
Premalatha-success,Premalatha-success/ML_syn,2024-10-14T08:26:26Z,0,0,Jupyter Notebook,True,True,
Premalatha-success,Premalatha-success/sql,2024-10-06T14:29:46Z,0,0,,True,True,
Premalatha-success,Premalatha-success/SYN_ML,2024-10-04T09:01:04Z,0,0,Jupyter Notebook,True,True,
Premalatha-success,Premalatha-success/MLDS_batch2,2024-06-25T04:49:48Z,0,0,Jupyter Notebook,True,True,
Premalatha-success,Premalatha-success/MLDS_batch3,2024-10-04T04:51:05Z,0,0,Jupyter Notebook,True,True,
Premalatha-success,Premalatha-success/Python_sep_2024,2024-09-19T04:31:04Z,0,0,Jupyter Notebook,True,True,
Premalatha-success,Premalatha-success/Datasets,2021-12-13T04:43:01Z,45,45,,True,True,
Premalatha-success,Premalatha-success/Batch4_aipm,2024-06-13T07:11:20Z,1,1,Jupyter Notebook,True,True,
Premalatha-success,Premalatha-success/Batch7_Eduonix,2024-09-08T15:53:15Z,1,1,Jupyter Notebook,True,True,
Premalatha-success,Premalatha-success/Batch6_Eduonix,2024-07-07T15:29:14Z,0,0,Jupyter Notebook,True,True,
Premalatha-success,Premalatha-success/Coromandel_Vizhag_Batch1,2024-08-27T14:13:12Z,0,0,Jupyter Notebook,True,True,
Premalatha-success,Premalatha-success/syn_ai,2024-08-21T04:32:04Z,0,0,Jupyter Notebook,True,True,
Premalatha-success,Premalatha-success/Batch10,2024-08-16T05:10:14Z,0,0,,True,True,
Premalatha-success,Premalatha-success/DataScienceMonster-website,2024-07-16T08:13:44Z,0,0,HTML,True,True,
Premalatha-success,Premalatha-success/system_design,2024-07-05T06:20:40Z,0,0,,True,True,
Premalatha-success,Premalatha-success/sample,2024-06-11T14:41:14Z,0,0,,True,True,
Premalatha-success,Premalatha-success/RAG,2024-06-11T14:26:28Z,0,0,Jupyter Notebook,True,True,
Premalatha-success,Premalatha-success/MLDS_Ora,2024-06-04T03:13:02Z,0,0,Jupyter Notebook,True,True,
Premalatha-success,Premalatha-success/ML,2024-05-29T10:17:17Z,0,0,Jupyter Notebook,True,True,
Premalatha-success,Premalatha-success/Batch_3,2024-05-20T14:40:14Z,4,4,Jupyter Notebook,True,True,
Premalatha-success,Premalatha-success/-Practice,2021-10-28T13:15:23Z,1,1,Jupyter Notebook,True,True,
Premalatha-success,Premalatha-success/Python_pyspark,2024-04-21T10:59:50Z,0,0,Jupyter Notebook,True,True,
Premalatha-success,Premalatha-success/AIPM_2,2024-05-06T06:27:27Z,0,0,Jupyter Notebook,True,True,
Premalatha-success,Premalatha-success/ora_2,2024-05-03T12:22:49Z,0,0,Jupyter Notebook,True,True,
Premalatha-success,Premalatha-success/capstone_classification,2023-12-08T08:31:17Z,1,1,Jupyter Notebook,True,True,
Premalatha-success,Premalatha-success/Oracle,2024-04-23T12:00:19Z,0,0,Jupyter Notebook,True,True,
Premalatha-success,Premalatha-success/Books_Practical_ML,2024-04-30T11:07:30Z,0,0,,True,True,
Premalatha-success,Premalatha-success/NLP_casestudy,2024-02-15T16:23:52Z,0,0,Jupyter Notebook,True,True,
Premalatha-success,Premalatha-success/mnist,2024-04-03T11:40:53Z,0,0,,True,True,
Premalatha-success,Premalatha-success/Ridge_lasso,2024-04-01T10:03:57Z,1,1,Jupyter Notebook,True,True,
Premalatha-success,Premalatha-success/Rakuten_batch5,2024-03-12T09:30:45Z,0,0,Jupyter Notebook,True,True,
Premalatha-success,Premalatha-success/genai_siemens,2024-02-29T10:11:48Z,0,0,Jupyter Notebook,True,True,
Premalatha-success,Premalatha-success/Eduonix_Batch3,2024-02-03T14:45:09Z,1,1,Jupyter Notebook,True,True,
Premalatha-success,Premalatha-success/eduonix_batch1,2023-05-28T15:48:11Z,3,3,Jupyter Notebook,True,True,
Premalatha-success,Premalatha-success/Powerbi,2024-01-23T08:51:33Z,1,1,,True,True,
Premalatha-success,Premalatha-success/Final_qp,2023-12-22T08:02:44Z,2,2,,True,True,
Premalatha-success,Premalatha-success/NLP,2023-12-20T09:08:46Z,0,0,Jupyter Notebook,True,True,
Premalatha-success,Premalatha-success/cnn,2023-12-13T11:54:33Z,0,0,Jupyter Notebook,True,True,
Premalatha-success,Premalatha-success/Deeplearning_classification,2023-12-13T09:25:49Z,0,0,Jupyter Notebook,True,True,
Premalatha-success,Premalatha-success/Capstone_Regression,2023-12-08T11:04:07Z,1,1,Jupyter Notebook,True,True,
Premalatha-success,Premalatha-success/Rakuten_batch_3,2023-11-15T12:03:42Z,2,2,Jupyter Notebook,True,True,
Premalatha-success,Premalatha-success/Assessment_1,2023-12-04T06:53:53Z,0,0,,True,True,
Premalatha-success,Premalatha-success/TIAA_batch2,2023-11-21T13:27:23Z,4,4,Jupyter Notebook,True,True,
Premalatha-success,Premalatha-success/Projects_LinearRegression,2023-11-27T07:29:12Z,1,1,,True,True,
Premalatha-success,Premalatha-success/Assignments,2023-11-22T08:28:26Z,2,2,Jupyter Notebook,True,True,
Premalatha-success,Premalatha-success/yhills_Nov_2023,2023-11-16T12:56:23Z,19,19,Jupyter Notebook,True,True,
Premalatha-success,Premalatha-success/unsupervised-Machine-learning,2023-10-15T13:58:50Z,2,2,Jupyter Notebook,True,True,
Premalatha-success,Premalatha-success/Siemens,2023-09-25T09:37:48Z,1,1,Jupyter Notebook,True,True,
Premalatha-success,Premalatha-success/Numpy-and-Pandas,2023-10-09T14:27:02Z,7,7,Jupyter Notebook,True,True,
Premalatha-success,Premalatha-success/Exploratory-Data-Analysis-1,2023-09-28T12:24:23Z,1,1,,True,True,
Premalatha-success,Premalatha-success/Assessment_ML,2023-09-24T03:55:12Z,0,0,,True,True,
Premalatha-success,Premalatha-success/Rakuten_Batch2,2023-08-21T09:21:48Z,0,0,Jupyter Notebook,True,True,
Premalatha-success,Premalatha-success/Books-Machine-Learning-and-data-Science,2022-05-27T16:22:09Z,39,39,,True,True,
Premalatha-success,Premalatha-success/yhills_April_2023,2023-04-13T15:04:27Z,13,13,Jupyter Notebook,True,True,
Premalatha-success,Premalatha-success/assessment,2023-08-29T05:15:47Z,2,2,Jupyter Notebook,True,True,
Premalatha-success,Premalatha-success/Rakuten_AIML,2023-05-11T12:24:41Z,2,2,Jupyter Notebook,True,True,
Premalatha-success,Premalatha-success/Exp,2023-05-05T04:59:04Z,0,0,,True,True,
Premalatha-success,Premalatha-success/Sentiment-analysis,2020-07-01T14:15:59Z,5,5,Jupyter Notebook,True,True,
Premalatha-success,Premalatha-success/ESDST-NLP,2023-04-22T10:04:25Z,1,1,Jupyter Notebook,True,True,
Premalatha-success,Premalatha-success/youtube-links,2023-02-09T11:16:39Z,1,1,,True,True,
Premalatha-success,Premalatha-success/Contact--info,2023-02-09T11:16:23Z,0,0,,True,True,
Premalatha-success,Premalatha-success/Henry_harwin_Jan21,2023-01-22T04:52:37Z,3,3,Jupyter Notebook,True,True,
Premalatha-success,Premalatha-success/sample_repo,2023-01-16T08:34:35Z,1,1,Jupyter Notebook,True,True,
Premalatha-success,Premalatha-success/Unsupervised-Learning,2022-03-15T05:37:37Z,5,5,Jupyter Notebook,True,True,
Premalatha-success,Premalatha-success/ERU,2022-12-05T11:08:58Z,0,0,,True,True,
Premalatha-success,Premalatha-success/yhills-3rd-Dec,2022-12-03T13:12:13Z,5,5,Jupyter Notebook,True,True,
Premalatha-success,Premalatha-success/Financial-Analytics-Loan-Approval-Prediction,2021-08-25T15:54:50Z,11,11,Jupyter Notebook,True,True,
Premalatha-success,Premalatha-success/edForce,2022-06-06T08:17:43Z,0,0,Jupyter Notebook,True,True,
Premalatha-success,Premalatha-success/Jeppiar_master_class,2022-10-29T06:13:34Z,0,0,,True,True,
Premalatha-success,Premalatha-success/HHE_MA_July31_Batch,2022-07-31T11:56:43Z,4,4,Jupyter Notebook,True,True,
Premalatha-success,Premalatha-success/yhills_oct,2022-10-11T13:26:29Z,11,11,Jupyter Notebook,True,True,
Premalatha-success,Premalatha-success/NIIT-Batch,2022-09-06T05:33:39Z,2,2,Jupyter Notebook,True,True,
Premalatha-success,Premalatha-success/HHE_14th-Aug,2022-08-14T17:11:59Z,2,2,Jupyter Notebook,True,True,
Premalatha-success,Premalatha-success/Yhills_July12_Analytics,2022-07-14T13:26:12Z,19,19,Jupyter Notebook,True,True,
Premalatha-success,Premalatha-success/IIM_Shillong,2022-08-06T12:56:41Z,1,1,,True,True,
Premalatha-success,Premalatha-success/July_10_HHE,2022-07-23T16:32:42Z,4,4,Jupyter Notebook,True,True,
Premalatha-success,Premalatha-success/AIML_Blackbucks,2022-03-18T13:30:01Z,8,8,Jupyter Notebook,True,True,
Premalatha-success,Premalatha-success/Yhills_June_2,2022-06-02T13:55:47Z,9,9,Jupyter Notebook,True,True,
Premalatha-success,Premalatha-success/HHE_June5,2022-06-05T17:52:07Z,0,0,Jupyter Notebook,True,True,
Premalatha-success,Premalatha-success/AIML_Batch2_BB,2022-05-13T14:09:38Z,16,16,Jupyter Notebook,True,True,
Premalatha-success,Premalatha-success/yhills-dated-May10th,2022-05-10T13:22:24Z,8,8,Jupyter Notebook,True,True,
Premalatha-success,Premalatha-success/Books-Statistics,2022-05-27T16:12:57Z,20,20,Jupyter Notebook,True,True,
Premalatha-success,Premalatha-success/Matplotlib,2022-05-28T03:40:24Z,1,1,,True,True,
Premalatha-success,Premalatha-success/Books-Python,2022-05-27T16:06:51Z,59,59,,True,True,
Premalatha-success,Premalatha-success/SAS,2022-05-27T16:19:02Z,0,0,,True,True,
Premalatha-success,Premalatha-success/Practical,2022-04-22T11:35:49Z,1,1,,True,True,
Premalatha-success,Premalatha-success/Advance-ML,2022-04-21T16:02:25Z,4,4,Jupyter Notebook,True,True,
Premalatha-success,Premalatha-success/Exercise,2021-10-08T09:59:55Z,12,12,Jupyter Notebook,True,True,
Premalatha-success,Premalatha-success/yhills-dated-April2nd,2022-04-02T13:30:02Z,5,5,Jupyter Notebook,True,True,
Premalatha-success,Premalatha-success/Machine-Learning-Libraries-in-Python,2022-03-16T09:45:17Z,8,8,,True,True,
Premalatha-success,Premalatha-success/yhills,2022-03-14T14:27:40Z,5,5,Jupyter Notebook,True,True,
Premalatha-success,Premalatha-success/Pyth,2022-03-12T14:53:07Z,3,3,Jupyter Notebook,True,True,
Premalatha-success,Premalatha-success/Numpy,2022-02-20T12:38:49Z,0,0,Jupyter Notebook,True,True,
Premalatha-success,Premalatha-success/Projects,2022-02-17T08:38:15Z,3,3,Jupyter Notebook,True,True,
Premalatha-success,Premalatha-success/EDST,2022-02-16T11:40:59Z,3,3,Jupyter Notebook,True,True,
Premalatha-success,Premalatha-success/Supervised-Learning,2021-02-03T06:50:57Z,12,12,Jupyter Notebook,True,True,
Premalatha-success,Premalatha-success/Deep-Learning,2020-07-02T14:26:18Z,2,2,Jupyter Notebook,True,True,
Premalatha-success,Premalatha-success/Python,2021-11-08T12:20:45Z,15,15,Jupyter Notebook,True,True,
Premalatha-success,Premalatha-success/Unsupervised-Learning-and-Ensemble,2020-07-02T14:43:35Z,7,7,Jupyter Notebook,True,True,
Premalatha-success,Premalatha-success/Cheat-sheets,2021-11-02T13:15:12Z,4,4,,True,True,
Premalatha-success,Premalatha-success/Statistics,2021-10-12T12:59:18Z,8,8,Jupyter Notebook,True,True,
Premalatha-success,Premalatha-success/Data-Visualization,2021-10-08T10:45:25Z,8,8,Jupyter Notebook,True,True,
Premalatha-success,Premalatha-success/Supplychain-Analytics,2021-10-13T07:07:52Z,1,1,,True,True,
Premalatha-success,Premalatha-success/Exploratory-Data-Analysis,2021-10-11T15:52:03Z,3,3,Jupyter Notebook,True,True,
Premalatha-success,Premalatha-success/Marketing-Analytics,2021-10-08T10:08:41Z,3,3,Jupyter Notebook,True,True,
Premalatha-success,Premalatha-success/HR-Analytics,2021-10-08T14:49:17Z,2,2,,True,True,
Premalatha-success,Premalatha-success/AI-in-Finance--Loan-Approval-Prediction-Classification-All-Models-,2021-08-25T15:53:12Z,1,1,,True,True,
Premalatha-success,Premalatha-success/Recommendation-systems,2020-07-02T14:35:06Z,7,7,Jupyter Notebook,True,True,
Premalatha-success,Premalatha-success/Featurization-and-model-tuning,2020-07-02T14:10:52Z,2,2,Jupyter Notebook,True,True,
Premalatha-success,Premalatha-success/News-headlines,2020-07-01T14:13:39Z,3,3,Jupyter Notebook,True,True,
Premalatha-success,Premalatha-success/Computer-vision-12,2020-06-29T00:15:38Z,5,5,Jupyter Notebook,True,True,
Premalatha-success,Premalatha-success/word2vec-3,2020-07-01T14:31:35Z,2,2,Jupyter Notebook,True,True,
Premalatha-success,Premalatha-success/word2vec-2,2020-07-01T14:30:14Z,2,2,Jupyter Notebook,True,True,
Premalatha-success,Premalatha-success/word2vec,2020-07-01T14:28:38Z,2,2,Jupyter Notebook,True,True,
Premalatha-success,Premalatha-success/TF-IDF-3,2020-07-01T14:27:21Z,1,1,Jupyter Notebook,True,True,
Premalatha-success,Premalatha-success/TF-IDF--1,2020-07-01T14:25:48Z,1,1,Jupyter Notebook,True,True,
Premalatha-success,Premalatha-success/Sentiment-analysis-2,2020-07-01T14:17:14Z,2,2,Jupyter Notebook,True,True,
Premalatha-success,Premalatha-success/NMT-with-attention,2020-07-01T14:14:39Z,2,2,Jupyter Notebook,True,True,
Premalatha-success,Premalatha-success/Basic-NLP-2,2020-07-01T14:07:07Z,2,2,Jupyter Notebook,True,True,
Premalatha-success,Premalatha-success/Basic-NLP,2020-07-01T14:05:02Z,2,2,Jupyter Notebook,True,True,
Premalatha-success,Premalatha-success/Encoder-Decoder-Attention,2020-07-01T14:02:23Z,2,2,Jupyter Notebook,True,True,
Premalatha-success,Premalatha-success/Computer-vision-15,2020-06-29T00:18:47Z,1,1,Jupyter Notebook,True,True,
Premalatha-success,Premalatha-success/Computer-vision-14,2020-06-29T00:17:34Z,1,1,Jupyter Notebook,True,True,
Premalatha-success,Premalatha-success/Computer-vision-13,2020-06-29T00:16:32Z,1,1,Jupyter Notebook,True,True,
Premalatha-success,Premalatha-success/Computer-vision-11,2020-06-29T00:14:46Z,1,1,Jupyter Notebook,True,True,
Premalatha-success,Premalatha-success/Computer-vision-9,2020-06-29T00:13:39Z,1,1,Jupyter Notebook,True,True,
Premalatha-success,Premalatha-success/Computer-vision-8,2020-06-29T00:12:35Z,1,1,Jupyter Notebook,True,True,
Premalatha-success,Premalatha-success/Computer-vision--6,2020-06-29T00:11:12Z,1,1,Jupyter Notebook,True,True,
Premalatha-success,Premalatha-success/Computer-vision-5,2020-06-29T00:07:00Z,1,1,Jupyter Notebook,True,True,
Premalatha-success,Premalatha-success/Computer-vision-4,2020-06-29T00:05:32Z,1,1,Jupyter Notebook,True,True,
Premalatha-success,Premalatha-success/LSTM,2020-06-29T00:04:28Z,2,2,Jupyter Notebook,True,True,
Premalatha-success,Premalatha-success/Computer-vision-2,2020-06-29T00:02:00Z,1,1,Jupyter Notebook,True,True,
Premalatha-success,Premalatha-success/Face-mask-segmentation,2020-06-28T23:58:04Z,4,4,Jupyter Notebook,True,True,
Premalatha-success,Premalatha-success/computer-vision,2020-06-28T23:28:35Z,0,0,Jupyter Notebook,True,True,
anitaa1990,anitaa1990/TrailersApp,2018-12-14T04:03:36Z,197,197,Kotlin,True,True,
anitaa1990,anitaa1990/NotesApp,2024-08-28T10:31:31Z,0,0,Kotlin,True,False,Apache License 2.0
anitaa1990,anitaa1990/PagingLib3-Sample,2024-06-12T05:47:26Z,1,1,Kotlin,True,False,
anitaa1990,anitaa1990/ContactsApp,2024-06-11T11:16:15Z,2,2,Kotlin,True,True,
anitaa1990,anitaa1990/JetpackComposeSample,2024-06-07T17:56:50Z,3,3,Kotlin,True,True,Apache License 2.0
anitaa1990,anitaa1990/Android-Cheat-sheet,2018-05-29T14:08:42Z,2214,2214,Java,True,True,Apache License 2.0
anitaa1990,anitaa1990/woocommerce,2021-12-29T12:40:58Z,0,0,,True,True,
anitaa1990,anitaa1990/DeviceInfo-Sample,2016-10-12T07:03:43Z,211,211,Kotlin,True,True,Apache License 2.0
anitaa1990,anitaa1990/toolargetool,2022-02-23T04:24:46Z,0,0,,True,True,MIT License
anitaa1990,anitaa1990/Today-I-Learned,2018-07-28T06:19:41Z,157,157,,True,True,
anitaa1990,anitaa1990/Learn-Jetpack-Compose-By-Example,2020-05-17T17:52:30Z,10,10,,True,True,Apache License 2.0
anitaa1990,anitaa1990/PagingLibrary-Sample,2018-07-01T13:30:46Z,170,170,Java,True,True,
anitaa1990,anitaa1990/Wifi-Connect,2018-04-13T14:05:48Z,108,108,Java,True,True,Apache License 2.0
anitaa1990,anitaa1990/Biometric-Auth-Sample,2018-07-11T15:11:48Z,247,247,Java,True,True,
anitaa1990,anitaa1990/RoomDb-Sample,2018-05-04T06:37:18Z,123,123,Java,True,True,Apache License 2.0
anitaa1990,anitaa1990/Optimize,2018-05-25T14:51:07Z,36,36,Java,True,True,
anitaa1990,anitaa1990/GameOfThronesTrivia,2018-05-11T02:46:08Z,18,18,Java,True,True,
anitaa1990,anitaa1990/DataBindingExample,2018-04-30T07:53:46Z,11,11,Java,True,True,Apache License 2.0
anitaa1990,anitaa1990/ConstraintLayout-Sample,2018-05-11T18:39:29Z,106,106,Java,True,True,
anitaa1990,anitaa1990/woocommerce-android,2019-01-24T05:48:41Z,0,0,Kotlin,True,False,GNU General Public License v2.0
anitaa1990,anitaa1990/WordPress-FluxC-Android,2019-01-24T05:30:09Z,0,0,Java,True,True,GNU General Public License v2.0
anitaa1990,anitaa1990/Trailers,2018-05-22T06:42:40Z,21,21,Java,True,True,
anitaa1990,anitaa1990/Github-Trending-Repos,2019-01-15T07:13:23Z,60,60,Java,True,True,
anitaa1990,anitaa1990/Jni-Sample,2019-01-08T06:33:02Z,10,10,Java,True,True,
anitaa1990,anitaa1990/Dagger2-Sample,2018-12-23T15:24:40Z,77,77,Java,True,True,MIT License
anitaa1990,anitaa1990/flutter_ui_challenge_planets_app,2019-01-18T07:08:17Z,2,2,Dart,True,True,
anitaa1990,anitaa1990/RxNetworkEvent-Example,2018-12-05T10:45:41Z,21,21,Java,True,True,
anitaa1990,anitaa1990/RxAndroid-Sample,2018-08-20T05:17:15Z,36,36,Java,True,True,Apache License 2.0
anitaa1990,anitaa1990/Github-Repo-Sample,2018-08-16T10:18:16Z,3,3,Kotlin,True,True,
anitaa1990,anitaa1990/Ussd-app,2018-07-23T10:43:46Z,5,5,Java,True,True,
anitaa1990,anitaa1990/OnboardingSample,2018-04-13T09:29:34Z,98,98,Swift,True,True,Apache License 2.0
anitaa1990,anitaa1990/AESEncryption,2018-04-06T09:47:57Z,21,21,Swift,True,True,
anitaa1990,anitaa1990/Inshorts,2017-11-29T19:03:29Z,23,23,Java,True,True,
anitaa1990,anitaa1990/otpview,2017-08-15T04:44:25Z,19,19,Java,True,True,
anitaa1990,anitaa1990/CustomFontView,2017-08-16T10:19:55Z,27,27,Java,True,True,Apache License 2.0
anitaa1990,anitaa1990/VDOPlayer,2017-07-28T08:25:32Z,2,2,Java,True,True,
anitaa1990,anitaa1990/RequestTask,2016-10-04T05:06:26Z,5,5,Java,True,True,Apache License 2.0
codewithMUHILAN,codewithMUHILAN/Instagram,2023-12-13T11:46:10Z,45,45,HTML,True,True,
codewithMUHILAN,codewithMUHILAN/Reels,2023-07-11T13:17:53Z,175,175,HTML,True,True,
codewithMUHILAN,codewithMUHILAN/Posts,2023-09-04T05:46:40Z,58,58,HTML,True,True,
codewithMUHILAN,codewithMUHILAN/codewithMUHILAN,2023-07-11T12:43:39Z,52,52,,True,False,
codewithMUHILAN,codewithMUHILAN/Youtube,2023-09-15T04:34:29Z,27,27,HTML,True,True,
sygops,sygops/image-comparison,2019-05-15T11:57:42Z,1,1,Java,True,False,The Unlicense
sygops,sygops/my-react-js-tutorials,2019-05-15T11:58:38Z,1,1,JavaScript,True,True,
sygops,sygops/linq,2019-03-27T07:03:45Z,1,1,JavaScript,True,True,MIT License
sygops,sygops/metro,2019-03-05T10:21:32Z,1,1,JavaScript,True,False,MIT License
sygops,sygops/new-moon,2019-03-05T10:21:22Z,1,1,,True,True,MIT License
sygops,sygops/rnn-viewer,2019-03-01T07:02:05Z,1,1,JavaScript,True,True,MIT License
sygops,sygops/primitive,2019-03-05T10:21:02Z,2,2,CSS,True,True,MIT License
sygops,sygops/brain.js,2019-03-01T06:57:14Z,7,7,JavaScript,True,True,MIT License
sygops,sygops/css-gallery,2019-01-30T09:18:11Z,2,2,HTML,True,True,MIT License
sygops,sygops/wire,2019-02-04T09:31:47Z,1,1,Go,True,False,Apache License 2.0
sygops,sygops/awesome-odroid-go,2019-02-07T12:36:00Z,1,1,,True,True,
sygops,sygops/MIT-6.824,2019-01-30T08:50:09Z,2,2,Go,True,True,MIT License
sygops,sygops/logrus_mate,2019-03-27T07:03:54Z,1,1,Go,True,True,Apache License 2.0
sygops,sygops/LabKeyShortcuts,2019-03-21T12:57:36Z,1,1,HTML,True,True,MIT License
sygops,sygops/TIL,2019-02-12T08:01:19Z,1,1,JavaScript,True,True,
sygops,sygops/NodeJS-mongoDB-API,2019-05-15T12:00:31Z,1,1,CSS,True,True,MIT License
sygops,sygops/risyandi.github.io,2019-02-08T05:43:52Z,1,1,CSS,True,True,Other
sygops,sygops/ToggleButton,2019-03-21T12:57:50Z,1,1,CSS,True,True,Apache License 2.0
sygops,sygops/anime,2018-11-01T11:53:53Z,2,2,JavaScript,True,True,MIT License
sygops,sygops/twinkle,2019-01-25T06:39:16Z,2,2,HTML,True,True,
sygops,sygops/Angular-CRUD,2019-05-15T12:01:05Z,1,1,TypeScript,True,True,MIT License
sygops,sygops/PersonAPI,2019-05-15T12:02:17Z,1,1,JavaScript,True,True,
sygops,sygops/Benihime,2019-05-15T12:02:29Z,1,1,,True,True,MIT License
sygops,sygops/android,2019-02-05T12:01:33Z,1,1,Shell,True,True,
sygops,sygops/graal,2018-10-16T12:23:57Z,2,2,Java,True,False,Other
sygops,sygops/jss,2018-10-16T12:49:00Z,2,2,JavaScript,True,False,MIT License
sygops,sygops/oci-flexvolume-driver,2018-10-16T12:24:17Z,2,2,Go,True,True,Apache License 2.0
sygops,sygops/react-md,2018-10-16T12:48:50Z,2,2,JavaScript,True,True,MIT License
sygops,sygops/react-contexify,2018-10-16T12:48:30Z,2,2,JavaScript,True,True,MIT License
sygops,sygops/immer,2018-10-16T12:49:10Z,2,2,JavaScript,True,True,MIT License
sygops,sygops/react-toastify,2018-10-16T12:49:21Z,1,1,JavaScript,True,True,MIT License
sygops,sygops/docker-images,2018-10-16T12:23:31Z,4,4,Shell,True,False,Universal Permissive License v1.0
sygops,sygops/CBMath,2019-03-21T12:57:52Z,0,0,,True,True,Apache License 2.0
sygops,sygops/node-oracledb,2018-10-16T12:24:07Z,2,2,JavaScript,True,False,Other
sygops,sygops/CBBinder,2019-03-21T12:57:53Z,0,0,Objective-C,True,True,MIT License
sygops,sygops/PlayaroundGraph,2019-03-21T12:57:54Z,0,0,Java,True,True,MIT License
sygops,sygops/PlayaroundCompiler,2019-03-21T12:57:56Z,0,0,Java,True,True,MIT License
sygops,sygops/react-on-screen,2018-10-16T12:48:40Z,1,1,JavaScript,True,True,MIT License
sygops,sygops/3D-Medical-Segmentation-GAN,2019-02-13T06:21:04Z,1,1,Python,True,True,Apache License 2.0
sygops,sygops/EOMASS,2019-05-15T12:02:52Z,0,0,CSS,True,True,
sygops,sygops/Game-Bot,2019-02-13T06:21:07Z,0,0,Python,True,True,Apache License 2.0
sygops,sygops/STIS,2019-05-15T12:02:41Z,0,0,Java,True,True,MIT License
sygops,sygops/SimpleSerializers,2019-03-21T12:57:58Z,0,0,Java,True,True,
sygops,sygops/Jadesktop,2018-06-01T10:26:55Z,1,1,CSS,True,True,GNU General Public License v3.0
sygops,sygops/Cristina-ColorScheme,2019-05-15T12:03:09Z,1,1,,True,True,MIT License
sygops,sygops/Hello-World,2018-06-01T07:16:38Z,1,1,,True,True,
sygops,sygops/DataTables,2018-06-01T07:12:06Z,1,1,CSS,True,True,Other
sygops,sygops/MoienTajik.github.io,2019-02-13T10:11:40Z,0,0,CSS,True,True,
sygops,sygops/sweetalert,2018-06-01T07:09:47Z,1,1,TypeScript,True,True,MIT License
sygops,sygops/animate.css,2018-06-01T07:16:21Z,2,2,CSS,True,False,MIT License
sygops,sygops/LitMeter,2018-06-01T07:15:21Z,1,1,JavaScript,True,True,
sygops,sygops/Vocalize-Sign-Language,2019-02-13T06:20:01Z,1,1,Python,True,True,Apache License 2.0
sygops,sygops/Record,2019-05-15T12:03:14Z,0,0,CSS,True,True,
sygops,sygops/SoundSea,2018-06-01T07:21:01Z,1,1,Java,True,True,
sygops,sygops/Classification-of-Sign-Language-with-UCA-Net,2019-02-13T06:21:39Z,1,1,Jupyter Notebook,True,True,Apache License 2.0
sygops,sygops/Intel-Movidius-NCS-Keras,2019-02-13T06:21:42Z,0,0,Python,True,True,Apache License 2.0
sygops,sygops/dragtable,2018-06-01T07:12:51Z,1,1,JavaScript,True,True,MIT License
sygops,sygops/SesimVar,2019-02-13T06:21:44Z,0,0,Python,True,True,Apache License 2.0
sygops,sygops/DCGAN-Sign-Language,2019-02-13T06:21:45Z,0,0,Jupyter Notebook,True,True,Apache License 2.0
sygops,sygops/Hex,2018-06-01T07:22:04Z,1,1,Python,True,True,MIT License
sygops,sygops/chip8emulator,2019-01-29T11:15:32Z,1,1,Java,True,True,MIT License
sygops,sygops/ncsdk,2019-02-13T06:21:48Z,0,0,C,True,True,Other
sygops,sygops/Gameboy,2018-06-01T07:21:13Z,1,1,C,True,True,
sygops,sygops/turkce-derin-ogrenme-kaynaklari,2019-02-13T06:21:50Z,0,0,,True,True,
sygops,sygops/Sign-Language-Digits-Dataset,2019-02-13T06:21:51Z,0,0,,True,True,Apache License 2.0
sygops,sygops/People,2019-05-15T12:03:17Z,0,0,JavaScript,True,True,
sygops,sygops/ALCALDIA,2019-05-15T12:03:21Z,0,0,CSS,True,True,
sygops,sygops/Person,2019-05-15T12:03:28Z,0,0,JavaScript,True,True,
sygops,sygops/PLAY-EJER01,2019-05-15T12:03:24Z,0,0,JavaScript,True,True,Other
sygops,sygops/go-go-gadget,2019-01-29T11:15:34Z,1,1,Go,True,True,MIT License
sygops,sygops/Unity-ScrollRectController,2019-01-31T14:09:24Z,0,0,C#,True,True,
sygops,sygops/GoWebApp,2018-06-01T07:08:27Z,2,2,HTML,True,True,
sygops,sygops/Go-Recruiting,2019-02-01T05:34:16Z,0,0,Go,True,True,
sygops,sygops/move.js,2019-01-30T09:21:14Z,1,1,JavaScript,True,True,
sygops,sygops/blockui,2018-06-01T07:13:08Z,1,1,JavaScript,True,True,
sygops,sygops/Best-websites-a-programmer-should-visit,2019-01-29T11:15:29Z,1,1,,True,True,MIT License
sygops,sygops/awesome-courses,2019-01-29T11:15:22Z,3,3,HTML,True,False,
sygops,sygops/cs-video-courses,2019-01-29T11:15:40Z,1,1,,True,True,
sygops,sygops/slither,2019-01-31T14:06:32Z,1,1,Python,True,True,
sygops,sygops/Cinder-CerealImGui,2019-01-31T14:09:26Z,0,0,C++,True,True,
sygops,sygops/serverless-express-example,2019-02-01T05:33:58Z,0,0,TypeScript,True,True,
sygops,sygops/Cinder-TinyJpeg,2019-01-31T14:09:22Z,0,0,C++,True,True,MIT License
sygops,sygops/bttn.css,2018-06-01T07:11:45Z,1,1,CSS,True,True,MIT License
sygops,sygops/MVSAS,2019-01-31T14:06:24Z,1,1,PHP,True,True,
sygops,sygops/Cinder-Syphon,2019-01-31T14:09:28Z,0,0,Objective-C,True,True,MIT License
sygops,sygops/Cinder-GeoUtils,2019-01-31T14:09:16Z,0,0,C++,True,True,
sygops,sygops/eleVR-Web-Player,2018-06-01T07:16:53Z,1,1,JavaScript,True,True,Mozilla Public License 2.0
sygops,sygops/Color-Merge-Sort,2018-06-01T07:21:53Z,1,1,JavaScript,True,True,
sygops,sygops/Quick-Tetris,2018-06-01T07:21:39Z,1,1,JavaScript,True,True,
sygops,sygops/Genetic-Hello-World,2018-06-01T07:21:26Z,1,1,JavaScript,True,True,
sygops,sygops/Moi-Kasarani,2019-01-31T14:06:20Z,1,1,PHP,True,True,
sygops,sygops/me,2019-02-01T13:04:08Z,0,0,,True,True,
sygops,sygops/php-grading-system,2019-01-31T14:06:29Z,1,1,PHP,True,True,
sygops,sygops/Note,2019-01-31T14:06:27Z,1,1,Python,True,True,
sygops,sygops/Ticko,2019-01-31T14:06:34Z,1,1,Python,True,True,
sygops,sygops/minic,2019-01-30T09:21:30Z,1,1,Java,True,True,Apache License 2.0
sygops,sygops/GO-ZhihuDaily,2019-03-27T07:04:04Z,0,0,Go,True,True,GNU General Public License v2.0
sygops,sygops/npmTask,2019-03-29T11:55:04Z,0,0,CSS,True,True,MIT License
sygops,sygops/You-Dont-Need-GUI,2019-03-29T11:55:17Z,0,0,,True,True,
sygops,sygops/remote,2019-03-05T10:20:52Z,0,0,Swift,True,True,
sygops,sygops/ReflectiveDLLInjection,2019-02-05T06:50:06Z,0,0,C,True,False,"BSD 3-Clause ""New"" or ""Revised"" License"
sygops,sygops/programming-ebooks,2019-01-29T11:15:37Z,1,1,Python,True,True,
sygops,sygops/greenhat,2019-03-04T11:26:25Z,1,1,Python,True,True,GNU General Public License v3.0
sygops,sygops/nimbupani.github.com,2019-01-25T12:14:36Z,1,1,HTML,True,False,Other
sygops,sygops/lbSlider,2018-06-01T07:17:44Z,1,1,JavaScript,True,True,Other
sygops,sygops/chart,2019-03-29T08:37:22Z,0,0,Java,True,True,Apache License 2.0
sygops,sygops/movie-bingo,2019-01-25T12:16:00Z,1,1,HTML,True,True,
sygops,sygops/aboutfeminism,2019-01-25T12:15:32Z,2,2,HTML,True,True,
sygops,sygops/learn-to-search.com,2019-01-25T12:15:42Z,1,1,CSS,True,True,
sygops,sygops/filter,2019-03-28T06:04:45Z,0,0,JavaScript,True,True,
sygops,sygops/AeExpressions,2019-01-31T14:09:19Z,0,0,,True,True,
sygops,sygops/h5bp-book,2019-01-25T12:14:53Z,1,1,JavaScript,True,True,MIT License
sygops,sygops/webcomponents-demos,2019-01-25T12:15:37Z,1,1,HTML,True,True,
Spikeysanju,Spikeysanju/text-behind-image,2024-10-11T22:26:27Z,0,0,,True,False,GNU Affero General Public License v3.0
Spikeysanju,Spikeysanju/sanju.sh,2024-03-12T10:16:58Z,16,16,MDX,True,True,Apache License 2.0
Spikeysanju,Spikeysanju/sqlime,2024-10-21T20:44:05Z,0,0,,True,False,MIT License
Spikeysanju,Spikeysanju/gameplan,2024-09-07T06:29:05Z,0,0,Python,True,True,GNU Affero General Public License v3.0
Spikeysanju,Spikeysanju/superforum,2024-08-24T08:16:19Z,1,1,JavaScript,True,True,
Spikeysanju,Spikeysanju/judge0,2024-08-12T19:52:23Z,0,0,HTML,True,False,GNU General Public License v3.0
Spikeysanju,Spikeysanju/postgres-new,2024-08-12T16:52:13Z,1,1,,True,False,Apache License 2.0
Spikeysanju,Spikeysanju/sandbox,2024-05-31T18:03:53Z,1,1,,True,True,MIT License
Spikeysanju,Spikeysanju/svelte5-runes-todo,2024-05-10T21:42:39Z,0,0,Svelte,True,True,MIT License
Spikeysanju,Spikeysanju/tegon,2024-05-09T16:43:42Z,1,1,,True,True,MIT License
Spikeysanju,Spikeysanju/webdev101,2024-02-26T03:02:35Z,0,0,TypeScript,True,True,
Spikeysanju,Spikeysanju/MotionToast,2020-03-13T19:42:26Z,1483,1483,Kotlin,True,True,
Spikeysanju,Spikeysanju/JetQuotes,2020-09-17T07:36:47Z,542,542,Kotlin,True,True,MIT License
Spikeysanju,Spikeysanju/sveltecfadapter,2024-04-16T02:55:56Z,0,0,TypeScript,True,True,
Spikeysanju,Spikeysanju/coolbun,2024-03-09T19:29:44Z,0,0,TypeScript,True,True,
Spikeysanju,Spikeysanju/feedbase,2024-03-04T17:44:35Z,2,2,,True,True,GNU Affero General Public License v3.0
Spikeysanju,Spikeysanju/umami,2024-02-07T20:44:21Z,0,0,TypeScript,True,True,MIT License
Spikeysanju,Spikeysanju/sveltekit,2023-09-18T07:58:30Z,0,0,TypeScript,True,True,
Spikeysanju,Spikeysanju/svelteparty,2024-02-14T18:43:08Z,0,0,,True,True,
Spikeysanju,Spikeysanju/spikeysanju.com,2023-01-13T21:22:00Z,5,5,Svelte,True,True,
Spikeysanju,Spikeysanju/dozer-samples,2023-06-29T06:56:16Z,0,0,,True,True,MIT License
Spikeysanju,Spikeysanju/Dozlog,2023-05-18T05:27:18Z,2,2,Svelte,True,True,MIT License
Spikeysanju,Spikeysanju/Spikeysanju,2020-07-09T21:39:59Z,5,5,,True,True,
Spikeysanju,Spikeysanju/Expenso,2021-01-17T14:32:02Z,979,979,Kotlin,True,False,Apache License 2.0
Spikeysanju,Spikeysanju/india,2022-12-24T16:22:12Z,0,0,,True,True,Creative Commons Zero v1.0 Universal
Spikeysanju,Spikeysanju/CompostAnimations,2022-10-12T21:56:40Z,2,2,Kotlin,True,True,
Spikeysanju,Spikeysanju/Einsen,2021-05-16T08:00:22Z,910,910,Kotlin,True,True,Apache License 2.0
Spikeysanju,Spikeysanju/quickstart-android,2021-11-08T08:23:24Z,0,0,,True,True,Apache License 2.0
Spikeysanju,Spikeysanju/Wiggles,2021-02-27T07:57:50Z,491,491,Kotlin,True,True,Apache License 2.0
Spikeysanju,Spikeysanju/HeyBooks,2021-07-24T18:48:19Z,40,40,Kotlin,True,True,
Spikeysanju,Spikeysanju/JetQuotes-Desktop,2021-06-13T09:12:39Z,67,67,Kotlin,True,True,MIT License
Spikeysanju,Spikeysanju/Epoch,2021-03-07T18:23:57Z,85,85,Kotlin,True,True,Apache License 2.0
Spikeysanju,Spikeysanju/Furniture-App,2018-12-23T10:59:18Z,4,4,Java,True,True,
Spikeysanju,Spikeysanju/Saviour-Android,2020-03-05T01:28:29Z,2,2,Kotlin,True,True,
Spikeysanju,Spikeysanju/QuotesApp,2020-08-15T22:36:21Z,2,2,Swift,True,True,MIT License
Spikeysanju,Spikeysanju/ZoomRecylerLayout,2020-01-04T09:07:21Z,814,814,Kotlin,True,True,
Spikeysanju,Spikeysanju/TheCodeMonksOrg,2020-06-28T18:35:30Z,0,0,JavaScript,True,True,Other
Spikeysanju,Spikeysanju/FlashNews-MVVM,2020-05-08T06:55:30Z,12,12,Kotlin,True,True,
Spikeysanju,Spikeysanju/Picto,2020-05-12T18:27:13Z,20,20,Kotlin,True,True,
Spikeysanju,Spikeysanju/Video_templates,2020-03-14T15:46:58Z,2,2,,True,True,
Spikeysanju,Spikeysanju/Todo-App-SwiftUI,2020-03-23T11:38:07Z,1,1,Swift,True,True,
Spikeysanju,Spikeysanju/Coil-Image-Loader-And,2020-01-13T07:28:48Z,3,3,Kotlin,True,True,
Spikeysanju,Spikeysanju/Mini-Notes-App-Realm,2019-12-24T00:46:47Z,37,37,Kotlin,True,True,
Spikeysanju,Spikeysanju/Pineberry-Splash-Screen-Android,2020-01-05T09:20:49Z,8,8,Kotlin,True,True,
Spikeysanju,Spikeysanju/Tourism,2019-12-14T12:31:24Z,13,13,Kotlin,True,True,
Spikeysanju,Spikeysanju/Dashboard-UI-Android,2019-12-17T15:38:24Z,46,46,Kotlin,True,True,
Spikeysanju,Spikeysanju/Custom-TabBar-Layout-Android,2019-12-28T18:45:28Z,11,11,Kotlin,True,True,
Spikeysanju,Spikeysanju/Dogs-App-Fast-Networking,2019-12-05T12:10:24Z,0,0,Kotlin,True,True,
Spikeysanju,Spikeysanju/Patio,2019-11-11T18:08:28Z,2,2,Kotlin,True,True,
Spikeysanju,Spikeysanju/Lynkz,2019-11-20T22:52:19Z,3,3,Kotlin,True,True,
Spikeysanju,Spikeysanju/Ceaserey,2019-11-12T19:55:03Z,0,0,Java,True,True,
Spikeysanju,Spikeysanju/readme-template,2020-03-14T16:08:04Z,0,0,,True,True,
Spikeysanju,Spikeysanju/SIEMENS,2019-08-16T06:36:07Z,1,1,Java,True,True,
Spikeysanju,Spikeysanju/donate-in-git,2020-03-15T06:14:30Z,1,1,,True,True,
Spikeysanju,Spikeysanju/TodoNotesWeb,2019-01-10T15:31:05Z,2,2,HTML,True,True,
Spikeysanju,Spikeysanju/myAPI,2018-10-01T11:14:39Z,0,0,PHP,True,True,
Spikeysanju,Spikeysanju/wiggle-app,2018-12-31T14:33:54Z,0,0,HTML,True,True,
Spikeysanju,Spikeysanju/ShoppingList,2018-11-17T18:04:09Z,1,1,Java,True,True,
Spikeysanju,Spikeysanju/TeamTodo,2018-11-11T14:16:30Z,0,0,Java,True,True,
Spikeysanju,Spikeysanju/Buildr-React-App,2018-10-05T12:58:27Z,0,0,JavaScript,True,True,
Spikeysanju,Spikeysanju/BlogX-Website,2018-09-22T04:52:20Z,0,0,JavaScript,True,True,
Spikeysanju,Spikeysanju/100-Days-Of-ML-Code-Challenge,2018-07-12T07:37:47Z,0,0,Jupyter Notebook,True,True,
Spikeysanju,Spikeysanju/code-of-conduct,2020-07-04T09:26:55Z,0,0,,True,False,
Spikeysanju,Spikeysanju/ArgPlayer,2020-04-16T17:59:16Z,0,0,,True,True,Apache License 2.0
Spikeysanju,Spikeysanju/sanjay,2016-11-11T11:36:37Z,0,0,,True,True,
suriyadeepan,suriyadeepan/Solving-Hard-Problems-With-LLMs,2024-08-29T10:38:38Z,0,0,Jupyter Notebook,True,True,
suriyadeepan,suriyadeepan/SQL-Patterns,2024-09-20T13:26:05Z,0,0,,True,True,MIT License
suriyadeepan,suriyadeepan/genai-portfolio-optimization,2024-08-30T02:01:40Z,1,1,,True,True,GNU General Public License v3.0
suriyadeepan,suriyadeepan/PSF-Robotics-Workshop2024,2024-02-15T01:18:55Z,0,0,C++,True,True,GNU General Public License v3.0
suriyadeepan,suriyadeepan/PyroDemystified-PyCon2019,2019-10-14T01:05:17Z,7,7,Jupyter Notebook,True,True,
suriyadeepan,suriyadeepan/gfycat_dl,2019-10-03T03:53:04Z,0,0,Python,True,True,GNU General Public License v3.0
suriyadeepan,suriyadeepan/SystemDesign,2022-12-27T07:40:07Z,0,0,Python,True,True,GNU General Public License v3.0
suriyadeepan,suriyadeepan/photogram,2023-01-15T01:29:22Z,0,0,CSS,True,True,
suriyadeepan,suriyadeepan/deploy-docker_image-to-ec2,2023-01-13T13:33:52Z,0,0,Dockerfile,True,True,GNU General Public License v3.0
suriyadeepan,suriyadeepan/suriyadeepan.github.io,2016-06-01T06:27:32Z,3,3,HTML,True,True,MIT License
suriyadeepan,suriyadeepan/MultiNODEs,2022-12-26T04:05:17Z,0,0,Python,True,True,
suriyadeepan,suriyadeepan/facehugger,2022-12-17T04:01:14Z,0,0,,True,True,GNU General Public License v3.0
suriyadeepan,suriyadeepan/MachineLearning-101,2017-07-21T04:03:01Z,3,3,Shell,True,True,GNU General Public License v3.0
suriyadeepan,suriyadeepan/deconstructing-pymc3,2019-11-22T06:52:57Z,2,2,Python,True,True,
suriyadeepan,suriyadeepan/TC4TL-Challenge,2022-10-05T08:52:11Z,1,1,,True,True,
suriyadeepan,suriyadeepan/WebScraping-for-Healthcare,2021-10-24T00:20:49Z,4,4,Jupyter Notebook,True,True,GNU General Public License v3.0
suriyadeepan,suriyadeepan/neural-pde,2019-12-25T07:58:04Z,7,7,Python,True,True,GNU General Public License v3.0
suriyadeepan,suriyadeepan/torchtest,2018-11-07T06:55:08Z,311,311,Python,True,True,GNU General Public License v3.0
suriyadeepan,suriyadeepan/PracticalBayes,2020-08-13T06:06:05Z,2,2,Jupyter Notebook,True,True,GNU General Public License v3.0
suriyadeepan,suriyadeepan/tfp_helper,2020-09-02T07:26:18Z,1,1,Python,True,True,GNU General Public License v3.0
suriyadeepan,suriyadeepan/relay_plura,2014-11-06T03:21:46Z,0,0,C++,True,True,
suriyadeepan,suriyadeepan/vivisecto,2015-09-12T07:37:52Z,1,1,C++,True,True,
suriyadeepan,suriyadeepan/bec-gp,2019-01-30T12:28:32Z,3,3,Jupyter Notebook,True,False,GNU General Public License v3.0
suriyadeepan,suriyadeepan/pm-pyro,2019-11-17T07:14:07Z,37,37,Jupyter Notebook,True,True,GNU General Public License v3.0
suriyadeepan,suriyadeepan/Bayesian-Data-Analysis,2019-07-19T21:06:12Z,2,2,Jupyter Notebook,True,True,
suriyadeepan,suriyadeepan/BayesianML,2016-10-24T03:10:59Z,67,67,Jupyter Notebook,True,True,
suriyadeepan,suriyadeepan/anatomy-of-ppl,2019-06-28T22:51:23Z,6,6,Jupyter Notebook,True,True,
suriyadeepan,suriyadeepan/recompute.py,2019-02-26T12:17:43Z,4,4,Python,True,True,MIT License
suriyadeepan,suriyadeepan/SRM-NLP-Workshop-2019,2019-02-06T12:15:51Z,3,3,HTML,True,True,
suriyadeepan,suriyadeepan/vim,2016-06-04T03:55:04Z,0,0,Vim script,True,True,
suriyadeepan,suriyadeepan/tana,2018-10-26T10:55:59Z,3,3,Python,True,True,GNU General Public License v3.0
suriyadeepan,suriyadeepan/ccscraper,2018-09-11T06:15:37Z,0,0,Python,True,True,GNU General Public License v3.0
suriyadeepan,suriyadeepan/sfd2018,2018-09-11T11:19:36Z,0,0,,True,True,GNU General Public License v3.0
suriyadeepan,suriyadeepan/nodebox-art,2018-09-08T15:35:35Z,2,2,Python,True,True,GNU General Public License v3.0
suriyadeepan,suriyadeepan/everynoise.com_scraper,2018-09-07T14:07:38Z,2,2,Python,True,True,GNU General Public License v3.0
suriyadeepan,suriyadeepan/graphical-scholar,2018-09-03T06:15:10Z,0,0,Python,True,True,GNU General Public License v3.0
suriyadeepan,suriyadeepan/datasets,2016-06-27T05:42:46Z,239,239,Jupyter Notebook,True,True,GNU General Public License v3.0
suriyadeepan,suriyadeepan/vae,2018-05-08T03:42:31Z,0,0,Python,True,True,GNU General Public License v3.0
suriyadeepan,suriyadeepan/NeuralQA,2018-03-20T03:23:42Z,5,5,Python,True,True,GNU General Public License v3.0
suriyadeepan,suriyadeepan/SequenceModeling-SRM-Workshop,2018-03-02T15:20:03Z,0,0,Python,True,True,GNU General Public License v3.0
suriyadeepan,suriyadeepan/practical_seq2seq,2016-12-26T03:42:08Z,569,569,Jupyter Notebook,True,True,GNU General Public License v3.0
suriyadeepan,suriyadeepan/sfd2017,2017-10-02T07:28:07Z,2,2,JavaScript,True,True,GNU General Public License v3.0
suriyadeepan,suriyadeepan/NeuralRC,2017-08-17T11:59:07Z,2,2,HTML,True,True,
suriyadeepan,suriyadeepan/memory-networks,2017-01-30T09:13:00Z,3,3,Python,True,True,GNU General Public License v3.0
suriyadeepan,suriyadeepan/pointer-net,2017-05-15T03:25:38Z,1,1,Jupyter Notebook,True,True,GNU General Public License v3.0
suriyadeepan,suriyadeepan/match-lstm,2017-05-15T08:19:35Z,8,8,Jupyter Notebook,True,True,GNU General Public License v3.0
suriyadeepan,suriyadeepan/swecha-machine-learning-workshop,2017-04-01T09:16:43Z,3,3,Jupyter Notebook,True,True,
suriyadeepan,suriyadeepan/baby-gans,2017-04-15T09:01:51Z,0,0,Jupyter Notebook,True,True,
suriyadeepan,suriyadeepan/hcn,2022-06-27T10:24:00Z,0,0,,True,True,
suriyadeepan,suriyadeepan/augmented_seq2seq,2017-02-20T12:50:12Z,28,28,Python,True,True,GNU General Public License v3.0
suriyadeepan,suriyadeepan/rnn-from-scratch,2017-02-05T04:10:27Z,129,129,Python,True,True,GNU General Public License v3.0
suriyadeepan,suriyadeepan/SMIL4Inkscape,2017-02-25T06:57:09Z,1,1,Python,True,True,GNU General Public License v3.0
suriyadeepan,suriyadeepan/easy_seq2seq,2016-06-27T06:01:11Z,298,298,Python,True,True,
suriyadeepan,suriyadeepan/4ccon,2017-01-27T04:13:19Z,0,0,,True,True,GNU General Public License v3.0
suriyadeepan,suriyadeepan/language-modeling,2017-01-05T12:33:35Z,5,5,Python,True,True,
suriyadeepan,suriyadeepan/TF,2016-04-04T06:51:19Z,4,4,Jupyter Notebook,True,True,
suriyadeepan,suriyadeepan/tweet_bot,2017-01-03T04:08:15Z,10,10,Python,True,True,
suriyadeepan,suriyadeepan/rl-toys,2016-12-15T12:40:07Z,1,1,Jupyter Notebook,True,True,GNU General Public License v3.0
suriyadeepan,suriyadeepan/reddit-ml-threads,2016-11-18T04:30:22Z,3,3,Jupyter Notebook,True,True,GNU General Public License v3.0
suriyadeepan,suriyadeepan/rnn-theano,2016-10-27T11:48:17Z,0,0,Jupyter Notebook,True,True,
suriyadeepan,suriyadeepan/madurai_spider,2016-10-08T14:15:00Z,0,0,HTML,True,True,
suriyadeepan,suriyadeepan/twitter-scraper,2016-08-25T05:36:23Z,1,1,Python,True,True,GNU General Public License v3.0
suriyadeepan,suriyadeepan/python3,2016-08-09T14:09:39Z,7,7,HTML,True,True,
suriyadeepan,suriyadeepan/cs188x,2016-09-03T01:49:43Z,0,0,Python,True,True,
suriyadeepan,suriyadeepan/scripts,2016-08-04T07:03:17Z,0,0,Shell,True,True,GNU General Public License v3.0
suriyadeepan,suriyadeepan/reveal-template,2016-08-30T05:25:48Z,0,0,CSS,True,True,GNU General Public License v3.0
suriyadeepan,suriyadeepan/NetCla,2016-08-18T17:37:11Z,3,3,Jupyter Notebook,True,True,
suriyadeepan,suriyadeepan/pandas,2016-08-17T06:31:51Z,1,1,Jupyter Notebook,True,True,
suriyadeepan,suriyadeepan/Annual-Camp-2K16-Presentations,2016-08-17T12:32:34Z,0,0,CSS,True,True,
suriyadeepan,suriyadeepan/wiki-graph,2016-08-06T13:51:14Z,3,3,Python,True,True,
suriyadeepan,suriyadeepan/udacity,2016-08-06T03:55:23Z,0,0,,True,True,GNU General Public License v3.0
suriyadeepan,suriyadeepan/resources,2016-07-11T01:07:56Z,0,0,,True,True,
suriyadeepan,suriyadeepan/tensorflow,2016-07-06T04:19:50Z,0,0,C++,True,False,Apache License 2.0
suriyadeepan,suriyadeepan/meshnet-guide-slides,2016-05-19T08:46:02Z,0,0,JavaScript,True,True,MIT License
suriyadeepan,suriyadeepan/deeplearning-papernotes,2016-05-13T23:11:24Z,2,2,,True,True,
suriyadeepan,suriyadeepan/urbancal,2016-04-07T03:50:01Z,0,0,,True,True,GNU General Public License v3.0
suriyadeepan,suriyadeepan/IndoorTracking,2016-03-09T04:10:04Z,3,3,Python,True,True,
suriyadeepan,suriyadeepan/TrackMe,2016-03-08T07:20:16Z,3,3,Jupyter Notebook,True,True,
suriyadeepan,suriyadeepan/neural-author,2016-03-02T18:09:18Z,0,0,Jupyter Notebook,True,True,
suriyadeepan,suriyadeepan/pseudo-spam,2016-03-02T15:05:07Z,0,0,,True,True,
suriyadeepan,suriyadeepan/lasagne,2016-02-29T07:22:39Z,0,0,Jupyter Notebook,True,True,
suriyadeepan,suriyadeepan/conf,2016-01-03T07:49:45Z,0,0,VimL,True,True,
suriyadeepan,suriyadeepan/thea,2015-12-15T02:55:13Z,2,2,Jupyter Notebook,True,True,
suriyadeepan,suriyadeepan/keras,2015-12-19T07:44:11Z,1,1,Jupyter Notebook,True,True,GNU General Public License v2.0
suriyadeepan,suriyadeepan/theano,2015-11-24T11:56:15Z,0,0,Jupyter Notebook,True,True,
suriyadeepan,suriyadeepan/deeplearning,2015-10-14T06:47:14Z,5,5,Python,True,True,
suriyadeepan,suriyadeepan/gbr-scaffold,2015-10-23T14:38:44Z,0,0,,True,True,
suriyadeepan,suriyadeepan/caffe-scaffold,2015-10-22T11:59:35Z,0,0,,True,True,
suriyadeepan,suriyadeepan/writing-scaffold,2015-10-23T07:20:36Z,0,0,,True,True,
suriyadeepan,suriyadeepan/scala-scaffold,2015-10-19T10:59:13Z,0,0,Scala,True,True,
suriyadeepan,suriyadeepan/cjdchat,2015-09-19T03:07:50Z,0,0,C++,True,True,GNU General Public License v3.0
suriyadeepan,suriyadeepan/tasketes,2015-07-28T04:47:34Z,0,0,HTML,True,True,
suriyadeepan,suriyadeepan/librenote,2015-07-29T07:54:43Z,0,0,HTML,True,True,GNU General Public License v3.0
suriyadeepan,suriyadeepan/gnviz,2015-06-24T13:47:43Z,0,0,C++,True,True,
suriyadeepan,suriyadeepan/opencog,2015-06-28T06:29:20Z,0,0,C++,True,False,Other
suriyadeepan,suriyadeepan/atomspace,2015-06-29T17:09:28Z,0,0,C++,True,False,Other
suriyadeepan,suriyadeepan/Castalia-stable,2015-04-29T16:16:33Z,0,0,C++,True,True,Other
suriyadeepan,suriyadeepan/myshkin,2015-06-26T07:03:42Z,1,1,JavaScript,True,True,
suriyadeepan,suriyadeepan/cjdns-doc,2015-06-22T20:25:42Z,0,0,,True,True,GNU General Public License v3.0
suriyadeepan,suriyadeepan/cjdns,2015-06-19T14:10:42Z,0,0,Assembly,True,False,GNU General Public License v3.0
suriyadeepan,suriyadeepan/cogutils,2015-06-29T17:12:35Z,0,0,C++,True,False,Other
suriyadeepan,suriyadeepan/blend,2015-06-15T06:54:49Z,0,0,,True,True,
suriyadeepan,suriyadeepan/moses,2015-06-29T17:11:14Z,0,0,C++,True,False,Other
suriyadeepan,suriyadeepan/link-grammar,2015-06-29T17:12:42Z,0,0,C,True,False,GNU Lesser General Public License v2.1
suriyadeepan,suriyadeepan/gnucc-ftu,2015-05-29T08:56:11Z,0,0,,True,True,
suriyadeepan,suriyadeepan/SC15AndroidApp,2015-05-12T04:44:45Z,0,0,Java,True,True,GNU General Public License v3.0
suriyadeepan,suriyadeepan/SC15RailsApp,2015-05-11T19:46:00Z,0,0,Ruby,True,True,
suriyadeepan,suriyadeepan/SummerCamp2015,2015-05-11T17:00:23Z,0,0,CSS,True,True,
suriyadeepan,suriyadeepan/Dissertation,2015-05-06T15:40:57Z,0,0,TeX,True,True,
suriyadeepan,suriyadeepan/mads-m,2015-04-16T21:29:54Z,0,0,TeX,True,True,
suriyadeepan,suriyadeepan/Castalia,2015-04-21T19:05:44Z,6,6,C++,True,True,Other
suriyadeepan,suriyadeepan/adhoc-on-android,2015-04-25T15:40:42Z,1,1,Java,True,False,
suriyadeepan,suriyadeepan/SMS_Screener,2015-04-25T06:03:01Z,0,0,Java,True,True,
suriyadeepan,suriyadeepan/sdl_samples,2015-04-25T06:06:03Z,0,0,Makefile,True,True,
suriyadeepan,suriyadeepan/scripts_and_such,2015-04-25T05:52:42Z,0,0,HTML,True,True,
suriyadeepan,suriyadeepan/bash_tutor,2015-04-25T05:46:18Z,0,0,Shell,True,True,
suriyadeepan,suriyadeepan/robot_vision_utils,2015-04-25T05:26:18Z,0,0,C,True,True,
suriyadeepan,suriyadeepan/robot_vision_android,2015-04-25T05:21:14Z,3,3,Java,True,True,
suriyadeepan,suriyadeepan/frhp-wsn,2015-02-03T09:18:30Z,2,2,Java,True,True,
suriyadeepan,suriyadeepan/ofPad,2015-01-27T13:13:22Z,0,0,C++,True,True,
suriyadeepan,suriyadeepan/opencv,2015-01-26T04:03:55Z,0,0,C++,True,False,Other
suriyadeepan,suriyadeepan/pi-mote,2015-04-25T06:15:00Z,1,1,C,True,True,GNU General Public License v2.0
suriyadeepan,suriyadeepan/frequency-hopping-wsn,2014-11-19T15:14:51Z,2,2,nesC,True,True,
suriyadeepan,suriyadeepan/rtschedule,2014-11-06T03:18:12Z,0,0,,True,True,
suriyadeepan,suriyadeepan/cv-workspace,2014-11-06T03:19:46Z,0,0,,True,True,
suriyadeepan,suriyadeepan/sniffer,2014-11-06T03:23:39Z,0,0,,True,True,
suriyadeepan,suriyadeepan/node_space,2014-11-06T03:23:32Z,0,0,,True,True,
IAmNithi,IAmNithi/pophorn,2022-08-07T14:30:52Z,1,1,,True,True,
IAmNithi,IAmNithi/fakekart,2022-02-04T14:18:37Z,1,1,TypeScript,True,True,
IAmNithi,IAmNithi/ionic-training,2022-01-23T08:22:48Z,1,1,TypeScript,True,True,
IAmNithi,IAmNithi/react-hyper-terminal-clone,2021-09-24T07:38:31Z,1,1,JavaScript,True,True,
IAmNithi,IAmNithi/Newton-School-Falcon,2021-08-16T10:59:14Z,12,12,HTML,True,True,
IAmNithi,IAmNithi/react-complete-guide,2021-06-16T14:22:33Z,4,4,JavaScript,True,True,
IAmNithi,IAmNithi/weather-application,2021-09-17T09:53:32Z,3,3,HTML,True,True,
IAmNithi,IAmNithi/flipkart-clone,2021-09-14T09:46:22Z,2,2,HTML,True,True,
IAmNithi,IAmNithi/javascript-interview-questions,2021-08-08T14:27:08Z,2,2,,True,True,
IAmNithi,IAmNithi/IAmNithi,2020-07-17T14:46:00Z,2,2,,True,True,
IAmNithi,IAmNithi/react-for-beginners,2020-07-20T15:02:21Z,1,1,JavaScript,True,True,
IAmNithi,IAmNithi/generate-og-image,2020-07-07T01:07:18Z,1,1,TypeScript,True,True,MIT License
IAmNithi,IAmNithi/cms,2019-09-17T14:09:54Z,1,1,JavaScript,True,True,
IAmNithi,IAmNithi/getting-started-with-next-js,2020-05-19T16:51:29Z,1,1,JavaScript,True,True,
IAmNithi,IAmNithi/vscode-dccomics,2020-05-13T12:08:56Z,5,5,,True,True,
IAmNithi,IAmNithi/chappie-conference-ui,2020-04-03T12:08:16Z,1,1,JavaScript,True,True,
IAmNithi,IAmNithi/Micro-front-end,2020-02-28T18:50:37Z,1,1,JavaScript,True,True,
IAmNithi,IAmNithi/awesome-micro-frontends,2020-03-11T06:16:40Z,2,2,,True,True,Creative Commons Zero v1.0 Universal
